order:,0,session:,9056,USB,1
P:0,350,29,-155,,
P:1,287,-25,-121,,
P:2,198,-5,0,,
P:3,268,-8,-17,,
P:4,237,-9,-11,,
P:5,243,-10,-14,,
P:6,289,-17,-10,,
P:7,249,-2,-17,,
P:8,252,-1,-13,,
P:9,256,-6,-9,,
P:10,269,1,-8,,
P:11,256,-11,-4,,
P:12,255,-7,-2,,
P:13,257,5,-2,,
P:14,254,-9,5,,
P:15,253,-17,-8,,
P:16,253,-12,10,,
P:17,254,-13,-24,,
P:18,256,-7,-1,,
P:19,255,-11,-3,,
P:20,255,-9,-2,,
P:21,254,-10,-3,,
P:22,255,-10,-5,,
P:23,255,-11,-2,,
P:24,256,-10,-1,,
P:25,254,-10,-3,,
P:26,256,-9,-4,,
P:27,255,-8,-2,,
P:28,256,-10,-3,,
P:29,254,-10,-4,,
P:30,255,-10,-2,,
P:31,255,-10,-3,,
P:32,256,-9,-2,,
P:33,255,-9,-3,,
P:34,256,-11,-3,,
P:35,255,-11,-4,,
P:36,254,-10,-4,,
P:37,255,-10,-3,,
P:38,255,-11,-4,,
P:39,255,-10,-2,,
P:40,256,-11,-4,,
P:41,255,-10,-2,,
P:42,257,-8,-3,,
P:43,255,-5,-11,,
P:44,255,-8,0,,
P:45,255,-5,-3,,
P:46,260,-4,-5,,
P:47,289,9,-2,,
P:48,281,4,-5,,
P:49,264,8,2,,
P:50,256,9,8,,
P:51,239,11,22,,
P:52,242,-24,4,,
P:53,237,-48,-9,,
P:54,242,-40,-8,,
P:55,248,-39,-10,,
P:56,253,-47,-20,,
P:57,250,-43,-19,,
P:58,254,-39,-10,,
P:59,252,-40,-11,,
P:60,254,-37,-9,,
P:61,255,-29,-14,,
P:62,256,-14,-12,,
P:63,262,-9,-13,,
P:64,257,-18,-10,,
P:65,253,-25,-3,,
P:66,252,-28,-11,,
P:67,266,-30,-16,,
P:68,263,-25,-10,,
P:69,261,-16,-6,,
P:70,251,-24,1,,
P:71,235,-24,3,,
P:72,254,-12,26,,
P:73,233,-38,21,,
P:74,233,-30,26,,
P:75,239,-46,-7,,
P:76,247,-62,-38,,
P:77,253,-73,-36,,
P:78,251,-63,-51,,
P:79,266,-51,-54,,
P:80,269,-34,-52,,
P:81,281,-34,-39,,
P:82,268,-15,-18,,
P:83,254,-20,-8,,
P:84,257,-13,-1,,
P:85,255,-6,1,,
P:86,249,-16,-8,,
P:87,259,-17,-1,,
P:88,250,-29,1,,
P:89,251,-42,-3,,
P:90,254,-48,-4,,
P:91,261,-30,-4,,
P:92,265,6,18,,
P:93,247,47,56,,
P:94,241,90,41,,
P:95,180,119,87,,
P:96,161,135,121,,
P:97,164,102,137,,
P:98,134,51,183,,
P:99,179,41,202,,
P:100,106,63,218,,
P:101,100,34,209,,
P:102,89,30,238,,
P:103,69,29,244,,
P:104,84,30,234,,
P:105,79,33,239,,
P:106,78,32,236,,
P:107,80,28,237,,
P:108,77,31,239,,
P:109,70,35,236,,
P:110,76,41,222,,
P:111,97,42,269,,
P:112,137,57,226,,
P:113,44,93,185,,
P:114,24,123,189,,
P:115,112,131,210,,
P:116,103,112,193,,
P:117,-12,111,173,,
P:118,-54,123,170,,
P:119,-124,106,145,,
P:120,-253,121,71,,
P:121,-286,96,72,,
P:122,-243,138,14,,
P:123,-181,94,95,,
P:124,-205,27,86,,
P:125,-191,57,56,,
P:126,-235,48,61,,
P:127,-252,41,80,,
P:128,-234,18,95,,
P:129,-150,11,-11,,
P:130,-298,53,-63,,
P:131,-225,9,-81,,
P:132,-203,-21,-132,,
P:133,-238,-57,-105,,
P:134,-187,-76,-96,,
P:135,-193,-97,-73,,
P:136,-246,-109,-55,,
P:137,-253,-109,-83,,
P:138,-219,-96,-102,,
P:139,-228,-113,-97,,
P:140,-189,-77,-164,,
P:141,-148,-94,-183,,
P:142,-111,-59,-250,,
P:143,-151,-68,-186,,
P:144,-158,-53,-170,,
P:145,-98,-4,-186,,
P:146,-103,-10,-218,,
P:147,-151,0,-233,,
P:148,-66,45,-204,,
P:149,-25,118,-281,,
P:150,-17,63,-248,,
P:151,65,123,-225,,
P:152,40,103,-253,,
P:153,49,100,-258,,
P:154,47,52,-245,,
P:155,65,45,-243,,
P:156,103,35,-241,,
P:157,66,-23,-237,,
P:158,94,-23,-270,,
P:159,71,-51,-236,,
P:160,83,-51,-266,,
P:161,71,-137,-242,,
P:162,156,-106,-164,,
P:163,189,-155,-155,,
P:164,192,-187,-95,,
P:165,125,-159,-149,,
P:166,168,-212,-46,,
P:167,132,-225,5,,
P:168,73,-238,24,,
P:169,2,-231,92,,
P:170,-39,-213,75,,
P:171,-109,-199,131,,
P:172,-143,-166,161,,
P:173,-173,-155,156,,
P:174,-169,-128,124,,
P:175,-220,-151,179,,
P:176,-171,-119,133,,
P:177,-189,-109,128,,
P:178,-218,-106,97,,
P:179,-219,-76,42,,
P:180,-241,-49,-33,,
P:181,-224,-31,-49,,
P:182,-222,-35,-108,,
P:183,-213,-42,-113,,
P:184,-216,-55,-147,,
P:185,-159,-59,-173,,
P:186,-200,-60,-163,,
P:187,-195,-30,-177,,
P:188,-134,-1,-178,,
P:189,-106,35,-157,,
P:190,-70,128,-241,,
P:191,-61,180,-212,,
P:192,-18,212,-236,,
P:193,43,189,-211,,
P:194,97,167,-148,,
P:195,143,179,-141,,
P:196,159,156,-102,,
P:197,160,182,-95,,
P:198,186,177,-120,,
P:199,106,161,-93,,
P:200,127,217,-75,,
P:201,138,245,-60,,
P:202,92,239,-16,,
P:203,122,226,-70,,
P:204,59,238,-7,,
P:205,41,258,-48,,
P:206,46,254,-35,,
P:207,23,257,-24,,
P:208,26,221,-32,,
P:209,42,250,-41,,
P:210,6,257,-20,,
P:211,-11,248,-12,,
P:212,10,244,-11,,
P:213,12,273,-3,,
P:214,30,245,36,,
P:215,31,243,38,,
P:216,68,256,77,,
P:217,82,240,77,,
P:218,99,230,126,,
P:219,142,183,84,,
P:220,111,210,115,,
P:221,148,132,149,,
P:222,162,127,201,,
P:223,98,58,210,,
P:224,116,24,208,,
P:225,89,18,195,,
P:226,64,4,221,,
P:227,61,-10,250,,
P:228,75,-15,239,,
P:229,47,3,239,,
P:230,44,-5,247,,
P:231,42,-21,258,,
P:232,33,-27,257,,
P:233,37,0,236,,
P:234,45,-1,222,,
P:235,74,0,188,,
P:236,89,16,234,,
P:237,-41,33,270,,
P:238,-9,2,296,,
P:239,43,20,283,,
P:240,42,13,254,,
P:241,26,12,265,,
P:242,174,37,194,,
P:243,-8,-6,233,,
P:244,-3,18,335,,
P:245,26,5,242,,
P:246,24,6,299,,
P:247,120,-64,15,,
P:248,-57,45,513,,
P:249,33,27,251,,
P:250,42,0,237,,
P:251,47,-7,232,,
P:252,33,-3,221,,
P:253,24,10,243,,
P:254,20,9,257,,
P:255,23,3,245,,
P:256,36,6,244,,
P:257,31,8,252,,
P:258,26,6,255,,
P:259,31,6,252,,
P:260,32,5,250,,
P:261,32,4,251,,
P:262,30,9,255,,
P:263,37,11,249,,
P:264,-8,11,232,,
P:265,19,-6,303,,
P:266,20,68,155,,
P:267,-30,9,380,,
P:268,-5,30,282,,
P:269,19,-1,229,,
P:270,17,9,267,,
P:271,103,-58,187,,
P:272,-55,57,412,,
P:273,6,15,209,,
P:274,17,12,265,,
P:275,173,52,85,,
P:276,21,39,372,,
P:277,-39,103,342,,
P:278,28,28,215,,
P:279,24,28,267,,
P:280,29,20,220,,
P:281,23,36,255,,
P:282,0,38,250,,
P:283,16,29,233,,
P:284,19,28,244,,
P:285,21,30,241,,
P:286,18,29,251,,
P:287,23,27,236,,
P:288,27,33,212,,
P:289,41,29,235,,
P:290,-4,28,268,,
P:291,22,17,257,,
P:292,38,9,191,,
P:293,-9,17,247,,
P:294,1,14,325,,
P:295,-48,-5,283,,
P:296,12,13,244,,
P:297,9,17,201,,
P:298,-44,53,171,,
P:299,-9,24,232,,
P:300,-6,-4,255,,
P:301,26,-5,269,,
P:302,-15,-38,320,,
P:303,10,-7,248,,
P:304,8,-8,257,,
P:305,5,-9,251,,
P:306,3,-9,253,,
P:307,3,-10,254,,
P:308,13,2,260,,
P:309,-29,26,249,,
P:310,23,-26,242,,
P:311,31,-23,249,,
P:312,5,-13,253,,
P:313,39,-41,257,,
P:314,-25,13,258,,
P:315,11,-12,247,,
P:316,3,-5,254,,
P:317,6,-10,254,,
P:318,-32,5,244,,
P:319,-13,26,249,,
P:320,30,-21,270,,
P:321,29,-23,240,,
P:322,3,-9,251,,
P:323,3,-11,252,,
P:324,4,-6,252,,
P:325,4,-9,252,,
P:326,4,-9,252,,
P:327,3,-7,253,,
P:328,2,-9,252,,
P:329,16,-40,260,,
P:330,-27,-48,250,,
P:331,30,27,293,,
P:332,8,6,364,,
P:333,-27,-16,266,,
P:334,18,-26,247,,
P:335,19,-42,190,,
P:336,9,-59,190,,
P:337,4,-62,230,,
P:338,-16,-53,285,,
P:339,-67,-70,475,,
P:340,-134,-73,422,,
P:341,121,30,182,,
P:342,714,212,-110,,
P:343,267,262,-126,,
P:344,-881,-248,665,,
P:345,-587,-204,610,,
P:346,289,104,223,,
P:347,951,328,-23,,
P:348,-328,97,317,,
P:349,-951,-257,765,,
P:350,68,71,468,,
P:351,978,314,65,,
P:352,204,276,-71,,
P:353,-942,-197,711,,
P:354,-452,-14,762,,
P:355,858,272,281,,
P:356,584,405,-198,,
P:357,-661,-68,532,,
P:358,-324,-127,745,,
P:359,263,6,34,,
P:360,120,-52,77,,
P:361,28,-90,313,,
P:362,-70,-130,314,,
P:363,-17,-147,235,,
P:364,16,-150,179,,
P:365,-1,-151,160,,
P:366,57,-143,228,,
P:367,38,-234,147,,
P:368,40,-255,50,,
P:369,123,-280,61,,
P:370,48,-275,-46,,
P:371,47,-231,-2,,
P:372,97,-260,-10,,
P:373,91,-234,-39,,
P:374,49,-226,-137,,
P:375,97,-152,-177,,
P:376,105,-90,-188,,
P:377,112,-59,-164,,
P:378,103,33,-180,,
P:379,120,166,-440,,
P:380,110,81,-176,,
P:381,99,95,-176,,
P:382,111,101,-206,,
P:383,125,122,-221,,
P:384,123,133,-190,,
P:385,123,79,-158,,
P:386,184,178,-142,,
P:387,190,103,-141,,
P:388,209,69,-80,,
P:389,236,81,-20,,
P:390,293,38,59,,
P:391,208,31,72,,
P:392,226,10,109,,
P:393,225,-4,144,,
P:394,254,-23,148,,
P:395,213,-15,120,,
P:396,189,-20,155,,
P:397,179,3,192,,
P:398,211,-9,205,,
P:399,134,-18,185,,
P:400,112,-1,180,,
P:401,44,77,248,,
P:402,-5,97,279,,
P:403,-27,83,241,,
P:404,-110,56,196,,
P:405,-139,87,197,,
P:406,-194,94,167,,
P:407,-268,51,99,,
P:408,-230,71,114,,
P:409,-245,33,75,,
P:410,-220,-28,38,,
P:411,-227,-51,-19,,
P:412,-199,-104,-22,,
P:413,-229,-183,9,,
P:414,-199,-189,16,,
P:415,-159,-146,-48,,
P:416,-125,-202,-26,,
P:417,-208,-205,-35,,
P:418,-55,-236,-29,,
P:419,-146,-217,-61,,
P:420,-100,-211,-64,,
P:421,-47,-161,-64,,
P:422,55,-10,-137,,
P:423,74,89,-291,,
P:424,185,85,-456,,
P:425,68,133,-211,,
P:426,145,115,-152,,
P:427,158,146,-172,,
P:428,172,147,-172,,
P:429,136,180,-108,,
P:430,198,158,-86,,
P:431,209,206,-42,,
P:432,124,165,-20,,
P:433,116,220,16,,
P:434,180,232,18,,
P:435,103,209,36,,
P:436,56,225,28,,
P:437,62,250,4,,
P:438,33,255,50,,
P:439,4,253,86,,
P:440,-13,254,86,,
P:441,-42,235,114,,
P:442,-79,206,64,,
P:443,-115,205,81,,
P:444,-98,193,65,,
P:445,-112,186,45,,
P:446,-155,186,63,,
P:447,-152,191,88,,
P:448,-137,180,74,,
P:449,-161,171,76,,
P:450,-179,171,78,,
P:451,-167,160,57,,
P:452,-192,142,48,,
P:453,-216,142,47,,
P:454,-208,132,37,,
P:455,-214,187,68,,
P:456,-239,131,76,,
P:457,-239,69,74,,
P:458,-226,42,114,,
P:459,-298,-30,156,,
P:460,-164,-112,94,,
P:461,-12,-209,146,,
P:462,-33,-233,88,,
P:463,-35,-198,91,,
P:464,8,-222,70,,
P:465,29,-260,174,,
P:466,79,-234,72,,
P:467,36,-219,-16,,
P:468,104,-199,20,,
P:469,186,-187,9,,
P:470,214,-218,-42,,
P:471,155,-166,-126,,
P:472,118,-49,-152,,
P:473,90,-195,-208,,
P:474,42,-115,-187,,
P:475,203,-63,-260,,
P:476,125,-35,-257,,
P:477,60,-52,-189,,
P:478,163,37,-252,,
P:479,182,61,-244,,
P:480,128,103,-120,,
P:481,120,149,-144,,
P:482,152,176,-219,,
P:483,56,225,-114,,
P:484,85,206,-172,,
P:485,39,256,-83,,
P:486,36,246,-111,,
P:487,29,249,-60,,
P:488,22,248,4,,
P:489,-4,236,62,,
P:490,-14,227,89,,
P:491,-7,236,75,,
P:492,-20,251,45,,
P:493,0,255,19,,
P:494,24,233,50,,
P:495,28,213,47,,
P:496,-17,263,38,,
P:497,-13,259,43,,
P:498,7,240,50,,
P:499,-20,238,40,,
P:500,-41,241,18,,
P:501,-37,247,13,,
P:502,-20,251,11,,
P:503,-21,267,11,,
P:504,-32,245,6,,
P:505,17,228,23,,
P:506,18,277,23,,
P:507,-18,309,48,,
P:508,-47,285,22,,
P:509,11,256,11,,
P:510,11,242,17,,
P:511,-34,229,19,,
P:512,-14,226,58,,
P:513,-59,193,60,,
P:514,-18,165,40,,
P:515,-8,174,72,,
P:516,-8,201,130,,
P:517,-6,229,59,,
P:518,-8,311,-58,,
P:519,113,353,-42,,
P:520,-7,346,-68,,
P:521,-3,318,-206,,
P:522,65,301,-197,,
P:523,-47,214,-119,,
P:524,-66,176,-79,,
P:525,-163,182,-21,,
P:526,-238,175,-27,,
P:527,-221,66,60,,
P:528,-283,78,79,,
P:529,-261,32,21,,
P:530,-198,-77,-68,,
P:531,-116,-76,-104,,
P:532,-159,-189,-199,,
P:533,-180,-214,-64,,
P:534,-65,-179,-128,,
P:535,-96,-201,-116,,
P:536,-62,-199,-128,,
P:537,-89,-194,-94,,
P:538,-19,-236,-178,,
P:539,63,-236,-140,,
P:540,118,-267,-122,,
P:541,143,-233,-62,,
P:542,124,-177,5,,
P:543,261,-111,126,,
P:544,212,-31,98,,
P:545,245,-109,43,,
P:546,222,-30,70,,
P:547,214,4,137,,
P:548,221,35,148,,
P:549,228,31,180,,
P:550,172,-12,191,,
P:551,189,8,197,,
P:552,140,24,201,,
P:553,111,-15,220,,
P:554,97,-40,249,,
P:555,86,-74,248,,
P:556,60,-112,259,,
P:557,-14,-151,187,,
P:558,-16,-181,144,,
P:559,-88,-211,185,,
P:560,-103,-215,206,,
P:561,-109,-209,119,,
P:562,-76,-232,97,,
P:563,-88,-265,33,,
P:564,-68,-241,26,,
P:565,-26,-270,54,,
P:566,-9,-255,-26,,
P:567,-38,-219,-114,,
P:568,57,-265,-107,,
P:569,71,-269,-118,,
P:570,-5,-236,0,,
P:571,75,-231,-81,,
P:572,108,-264,-55,,
P:573,89,-176,-98,,
P:574,64,-138,-130,,
P:575,124,-113,-220,,
P:576,100,-80,-261,,
P:577,145,13,-264,,
P:578,174,66,-159,,
P:579,267,70,-165,,
P:580,296,103,-151,,
P:581,212,152,-103,,
P:582,197,28,-74,,
P:583,219,95,-54,,
P:584,235,110,-77,,
P:585,160,136,-8,,
P:586,226,140,46,,
P:587,197,124,102,,
P:588,167,90,174,,
P:589,222,145,87,,
P:590,123,95,199,,
P:591,142,75,192,,
P:592,159,41,212,,
P:593,97,2,255,,
P:594,60,7,265,,
P:595,89,35,257,,
P:596,-4,-20,235,,
P:597,-15,-32,214,,
P:598,-59,8,277,,
P:599,-85,-16,222,,
P:600,-157,-19,143,,
P:601,-219,-16,122,,
P:602,-284,3,46,,
P:603,-294,-24,-34,,
P:604,-217,-77,-27,,
P:605,-282,-33,14,,
P:606,-218,-65,-6,,
P:607,-207,-50,-18,,
P:608,-262,-43,-33,,
P:609,-240,-63,-17,,
P:610,-236,-70,-26,,
P:611,-246,-75,-17,,
P:612,-230,-85,-13,,
P:613,-231,-95,-17,,
P:614,-218,-77,-20,,
P:615,-221,-55,-22,,
P:616,-239,-62,-15,,
P:617,-242,-53,-16,,
P:618,-261,-68,-14,,
P:619,-263,-49,-3,,
P:620,-267,-57,5,,
P:621,538,-228,190,,
P:622,-352,-12,51,,
P:623,-257,-59,14,,
P:624,-236,-37,-12,,
P:625,-11,-6,24,,
P:626,-305,-56,34,,
P:627,-321,-48,101,,
P:628,-266,-42,16,,
P:629,-257,-42,13,,
P:630,359,-166,152,,
P:631,-339,-45,-13,,
P:632,-312,-53,80,,
P:633,-224,-24,62,,
P:634,-270,-12,80,,
P:635,-211,0,54,,
P:636,-245,27,32,,
P:637,-177,22,102,,
P:638,-102,-19,159,,
P:639,-219,48,244,,
P:640,-85,28,241,,
P:641,-45,-59,241,,
P:642,43,-48,250,,
P:643,84,-48,215,,
P:644,78,-23,248,,
P:645,79,-31,255,,
P:646,121,46,125,,
P:647,340,0,225,,
P:648,139,-5,141,,
P:649,229,-21,139,,
P:650,183,196,-28,,
P:651,238,8,126,,
P:652,292,-15,54,,
P:653,320,-33,34,,
P:654,205,-48,-110,,
P:655,98,-97,-143,,
P:656,54,-50,-174,,
P:657,265,-80,-258,,
P:658,202,-93,-106,,
P:659,198,-69,-193,,
P:660,143,-69,-116,,
P:661,247,-24,-158,,
P:662,204,10,-291,,
P:663,39,2,-244,,
P:664,-86,-17,-211,,
P:665,-123,-22,-242,,
P:666,-123,4,-214,,
P:667,-198,3,-116,,
P:668,-250,-81,-111,,
P:669,-222,-17,-195,,
P:670,-225,-19,-78,,
P:671,-219,-101,-108,,
P:672,-224,-164,-94,,
P:673,-183,-239,99,,
P:674,-135,-227,-40,,
P:675,-158,-240,-51,,
P:676,-95,-272,-5,,
P:677,-70,-242,-15,,
P:678,-32,-210,23,,
P:679,68,-318,56,,
P:680,82,-330,43,,
P:681,22,-210,134,,
P:682,97,-147,146,,
P:683,42,-137,125,,
P:684,76,-146,129,,
P:685,113,-115,162,,
P:686,191,-72,161,,
P:687,324,5,135,,
P:688,113,-62,143,,
P:689,165,-84,92,,
P:690,50,54,212,,
P:691,16,115,265,,
P:692,3,163,266,,
P:693,-13,155,193,,
P:694,-32,203,162,,
P:695,-24,222,122,,
P:696,-68,245,103,,
P:697,-65,250,5,,
P:698,-41,240,-12,,
P:699,-1,279,-53,,
P:700,-68,248,-67,,
P:701,-35,258,-111,,
P:702,-38,251,-168,,
P:703,-21,191,-214,,
P:704,-30,77,-227,,
P:705,11,-48,-223,,
P:706,10,-49,-236,,
P:707,42,-134,-209,,
P:708,39,-201,-180,,
P:709,-1,-319,32,,
P:710,82,-194,-194,,
P:711,-59,-230,-192,,
P:712,-69,-241,-110,,
P:713,86,-237,-38,,
P:714,-20,-216,5,,
P:715,-127,-253,155,,
P:716,-31,-247,51,,
P:717,-97,-247,176,,
P:718,-53,-181,155,,
P:719,-70,-140,175,,
P:720,-19,-106,152,,
P:721,89,-35,170,,
P:722,221,-12,290,,
P:723,154,34,196,,
P:724,167,69,179,,
P:725,188,127,117,,
P:726,209,188,140,,
P:727,169,239,-24,,
P:728,136,266,67,,
P:729,194,146,44,,
P:730,281,96,29,,
P:731,160,109,-74,,
P:732,168,97,-162,,
P:733,199,3,-148,,
P:734,232,34,-122,,
P:735,275,-40,-120,,
P:736,216,-36,-154,,
P:737,143,-39,-182,,
P:738,148,-88,-257,,
P:739,144,-116,-194,,
P:740,97,-177,-104,,
P:741,60,-222,2,,
P:742,-5,-282,-6,,
P:743,47,-224,92,,
P:744,34,-235,159,,
P:745,25,-296,109,,
P:746,76,-225,152,,
P:747,52,-182,117,,
P:748,30,-262,125,,
P:749,31,-203,95,,
P:750,97,-232,105,,
P:751,117,-212,154,,
P:752,105,-191,96,,
P:753,191,-185,77,,
P:754,272,-149,95,,
P:755,208,-118,53,,
P:756,245,-59,97,,
P:757,263,-73,51,,
P:758,245,-9,6,,
P:759,258,-4,-58,,
P:760,272,77,-56,,
P:761,278,61,-79,,
P:762,230,76,-50,,
P:763,229,-27,-78,,
P:764,177,23,-161,,
P:765,238,37,-83,,
P:766,238,41,-51,,
P:767,260,18,-65,,
P:768,260,3,-56,,
P:769,258,23,-38,,
P:770,263,2,-52,,
P:771,267,-9,-37,,
P:772,425,15,-32,,
P:773,331,-32,-3,,
P:774,301,-39,-27,,
P:775,260,-18,-41,,
P:776,247,-26,-42,,
P:777,258,-23,-27,,
P:778,254,-19,-26,,
P:779,253,-33,-28,,
P:780,256,-36,-23,,
P:781,250,-35,-30,,
P:782,247,-29,-27,,
P:783,249,-27,-27,,
P:784,252,-28,-24,,
P:785,256,-38,-30,,
P:786,254,-34,-30,,
P:787,255,-26,-21,,
P:788,263,-29,-24,,
P:789,176,42,-6,,
P:790,354,-63,33,,
P:791,314,-68,-7,,
P:792,263,-27,-15,,
P:793,251,-34,-32,,
P:794,254,-39,-28,,
P:795,251,-25,-19,,
P:796,259,-39,-20,,
P:797,282,-59,-26,,
P:798,285,-58,-23,,
P:799,285,-59,-59,,
P:800,180,-90,-134,,
P:801,104,-111,-201,,
P:802,-15,-37,-208,,
P:803,80,-76,-231,,
P:804,70,-15,-229,,
P:805,22,-22,-184,,
P:806,-1,20,-224,,
P:807,-33,89,-331,,
P:808,-61,79,-234,,
P:809,-23,145,-159,,
P:810,13,220,-127,,
P:811,73,235,-135,,
P:812,-64,291,-83,,
P:813,-41,169,-76,,
P:814,-109,245,-7,,
P:815,-134,262,7,,
P:816,-142,268,36,,
P:817,-114,170,124,,
P:818,-148,119,210,,
P:819,-77,51,196,,
P:820,212,-121,256,,
P:821,-53,0,235,,
P:822,-31,30,293,,
P:823,-71,2,251,,
P:824,-38,-43,239,,
P:825,21,-38,221,,
P:826,69,-19,211,,
P:827,143,7,190,,
P:828,209,36,233,,
P:829,263,85,116,,
P:830,247,-21,147,,
P:831,186,-42,112,,
P:832,227,-19,116,,
P:833,235,-65,-21,,
P:834,184,-160,-75,,
P:835,112,-238,-81,,
P:836,106,-190,-162,,
P:837,81,-184,-175,,
P:838,-36,-117,-258,,
P:839,17,-147,-204,,
P:840,47,-45,-242,,
P:841,77,-49,-248,,
P:842,55,-21,-255,,
P:843,30,59,-279,,
P:844,-6,63,-257,,
P:845,-2,101,-209,,
P:846,39,140,-279,,
P:847,52,188,-228,,
P:848,40,231,-151,,
P:849,-45,233,-88,,
P:850,-61,237,-79,,
P:851,-93,209,-10,,
P:852,-178,278,-6,,
P:853,-188,262,32,,
P:854,-128,143,197,,
P:855,-186,106,181,,
P:856,-130,26,198,,
P:857,-168,40,219,,
P:858,-74,55,224,,
P:859,-110,19,160,,
P:860,-83,6,168,,
P:861,-116,7,234,,
P:862,-80,5,219,,
P:863,-55,4,215,,
P:864,48,25,230,,
P:865,137,15,217,,
P:866,159,45,246,,
P:867,171,73,248,,
P:868,214,66,221,,
P:869,213,3,115,,
P:870,156,3,163,,
P:871,137,27,166,,
P:872,163,-66,214,,
P:873,167,-13,226,,
P:874,191,-64,269,,
P:875,32,-90,255,,
P:876,-46,-123,257,,
P:877,-97,-101,54,,
P:878,-363,-148,-214,,
P:879,-221,-99,19,,
P:880,406,58,230,,
P:881,347,33,286,,
P:882,23,19,105,,
P:883,-371,-127,290,,
P:884,-163,-64,438,,
P:885,102,-1,246,,
P:886,107,6,330,,
P:887,-73,-33,245,,
P:888,-360,-121,-305,,
P:889,-276,-110,32,,
P:890,359,-74,380,,
P:891,496,99,195,,
P:892,-318,26,299,,
P:893,-497,-268,458,,
P:894,-1,-113,453,,
P:895,685,60,168,,
P:896,168,163,7,,
P:897,-475,-208,452,,
P:898,-81,-129,605,,
P:899,452,51,253,,
P:900,239,45,71,,
P:901,-181,-88,52,,
P:902,-204,-108,84,,
P:903,-227,-160,123,,
P:904,-190,-126,101,,
P:905,-250,-110,-27,,
P:906,-211,-104,1,,
P:907,-205,-111,-1,,
P:908,-248,-128,77,,
P:909,-238,-88,0,,
P:910,-211,-101,-1,,
P:911,-229,-99,-9,,
P:912,-235,-116,-29,,
P:913,-205,-102,-6,,
P:914,-249,-78,-21,,
P:915,-247,-64,-27,,
P:916,-241,-49,-8,,
P:917,-255,-51,-16,,
P:918,-257,-49,-23,,
P:919,-260,-42,-28,,
P:920,-247,-56,-36,,
P:921,-253,-100,-2,,
P:922,-250,-12,-35,,
P:923,-287,-63,-69,,
P:924,-267,-43,-14,,
P:925,-239,-45,-10,,
P:926,-261,-46,-21,,
P:927,-263,-71,23,,
P:928,-267,-25,-59,,
P:929,-268,-58,-77,,
P:930,-266,-45,-30,,
P:931,-237,-48,-21,,
P:932,-254,-34,-25,,
P:933,-212,-67,-41,,
P:934,-264,2,-40,,
P:935,-257,-77,-83,,
P:936,-263,-38,-29,,
P:937,-239,-50,-24,,
P:938,-244,-36,-21,,
P:939,-251,-34,-27,,
P:940,413,-212,-115,,
P:941,-260,-21,-56,,
P:942,-295,-40,-55,,
P:943,-251,-40,-19,,
P:944,-239,-43,-18,,
P:945,-247,-35,-21,,
P:946,-329,-46,-4,,
P:947,-237,2,-34,,
P:948,-295,-42,-84,,
P:949,-274,-44,-35,,
P:950,-248,-43,-13,,
P:951,-230,-32,-10,,
P:952,-250,-24,-22,,
P:953,-246,-29,-28,,
P:954,-246,-30,-30,,
P:955,-245,-34,-28,,
P:956,-239,-32,-20,,
P:957,-243,-27,-21,,
P:958,-246,-28,-22,,
P:959,-252,-33,-28,,
P:960,-245,-32,-26,,
P:961,-248,-36,-26,,
P:962,-245,-32,-21,,
P:963,-246,-30,-24,,
P:964,-244,-30,-26,,
P:965,-243,-35,-23,,
P:966,-244,-32,-25,,
P:967,-247,-31,-26,,
P:968,-246,-35,-21,,
P:969,-249,-31,-21,,
P:970,-245,-32,-24,,
P:971,-256,-34,-26,,
P:972,-222,11,42,,
P:973,-316,-21,-63,,
P:974,-294,-39,-38,,
P:975,-259,-48,-24,,
P:976,-240,-38,-19,,
P:977,-245,-28,-15,,
P:978,-247,-24,-19,,
P:979,-246,-25,-24,,
P:980,-241,-27,-21,,
P:981,-241,-28,-23,,
P:982,-237,-24,-14,,
P:983,-242,-23,-18,,
P:984,-249,-28,-23,,
P:985,-245,-28,-22,,
P:986,-251,-33,-29,,
P:987,-246,-31,-31,,
P:988,-240,-29,-16,,
P:989,-239,-20,-6,,
P:990,-246,-17,-6,,
P:991,-258,-19,-16,,
P:992,-257,-27,-22,,
P:993,-248,-31,-25,,
P:994,-237,-33,-24,,
P:995,-243,-28,-27,,
P:996,-251,-22,-37,,
P:997,-286,-38,-35,,
P:998,-240,-90,-39,,
P:999,-172,-135,-3,,
P:1000,-210,-190,-104,,
P:1001,-200,-183,-94,,
P:1002,-130,-156,-165,,
P:1003,-131,-190,-220,,
P:1004,-47,-180,-177,,
P:1005,8,-165,-137,,
P:1006,33,-174,-44,,
P:1007,-7,-199,178,,
P:1008,-43,-223,242,,
P:1009,-40,-26,373,,
P:1010,27,-144,190,,
P:1011,-5,-44,159,,
P:1012,154,1,221,,
P:1013,214,56,321,,
P:1014,103,89,147,,
P:1015,125,207,176,,
P:1016,191,229,54,,
P:1017,67,255,35,,
P:1018,-56,176,-76,,
P:1019,-37,278,47,,
P:1020,-4,303,-74,,
P:1021,-33,293,1,,
P:1022,-49,297,10,,
P:1023,-129,203,-17,,
P:1024,-168,198,-10,,
P:1025,-193,110,18,,
P:1026,-205,70,51,,
P:1027,-222,83,50,,
P:1028,-177,-57,90,,
P:1029,-245,7,75,,
P:1030,-302,13,34,,
P:1031,-182,-58,129,,
P:1032,-281,-114,80,,
P:1033,-162,-104,2,,
P:1034,-166,-174,-27,,
P:1035,-23,-178,-86,,
P:1036,95,-175,-164,,
P:1037,136,-184,-192,,
P:1038,209,-149,-105,,
P:1039,302,-72,-8,,
P:1040,157,-147,-98,,
P:1041,184,-129,-113,,
P:1042,204,-93,-43,,
P:1043,273,-81,107,,
P:1044,248,-45,130,,
P:1045,219,-30,152,,
P:1046,163,-17,176,,
P:1047,165,-15,159,,
P:1048,190,-25,152,,
P:1049,258,17,117,,
P:1050,252,4,-96,,
P:1051,228,-34,-133,,
P:1052,88,44,-194,,
P:1053,12,33,-248,,
P:1054,7,80,-281,,
P:1055,-51,78,-263,,
P:1056,-97,97,-247,,
P:1057,-79,66,-268,,
P:1058,-101,104,-212,,
P:1059,-106,150,-153,,
P:1060,-174,202,-151,,
P:1061,-162,172,-165,,
P:1062,-134,146,-90,,
P:1063,-241,116,-12,,
P:1064,-290,89,-29,,
P:1065,-213,-7,-82,,
P:1066,-234,-57,-92,,
P:1067,-166,-153,-81,,
P:1068,-156,-158,-132,,
P:1069,-171,-148,-160,,
P:1070,-118,-166,-158,,
P:1071,-94,-200,-142,,
P:1072,-56,-155,-165,,
P:1073,-6,-156,-239,,
P:1074,-22,-209,-161,,
P:1075,-51,-185,-229,,
P:1076,29,-237,-95,,
P:1077,152,-200,-63,,
P:1078,226,-164,53,,
P:1079,163,-229,65,,
P:1080,56,-155,112,,
P:1081,82,-134,204,,
P:1082,109,-103,257,,
P:1083,56,-102,217,,
P:1084,12,-46,258,,
P:1085,80,-10,243,,
P:1086,88,-102,303,,
P:1087,-15,-51,243,,
P:1088,0,-35,231,,
P:1089,-6,70,238,,
P:1090,68,148,240,,
P:1091,-12,245,28,,
P:1092,80,263,42,,
P:1093,70,216,-29,,
P:1094,96,189,-88,,
P:1095,100,260,-54,,
P:1096,78,233,-91,,
P:1097,44,268,12,,
P:1098,40,252,-4,,
P:1099,68,243,-61,,
P:1100,65,273,-16,,
P:1101,28,235,-37,,
P:1102,13,248,-96,,
P:1103,22,285,-163,,
P:1104,-7,205,-187,,
P:1105,-65,112,-232,,
P:1106,-87,17,-164,,
P:1107,-149,-69,-245,,
P:1108,-101,-81,-241,,
P:1109,-118,-110,-219,,
P:1110,-91,-33,-280,,
P:1111,-97,-87,-203,,
P:1112,-183,-121,-235,,
P:1113,-112,-100,-221,,
P:1114,-68,-124,-205,,
P:1115,106,-135,-160,,
P:1116,127,34,-158,,
P:1117,161,20,-113,,
P:1118,260,22,-59,,
P:1119,271,87,-58,,
P:1120,246,133,-49,,
P:1121,270,108,-30,,
P:1122,239,80,-27,,
P:1123,261,-77,-25,,
P:1124,236,74,-57,,
P:1125,254,57,-34,,
P:1126,285,34,-30,,
P:1127,260,44,46,,
P:1128,263,0,143,,
P:1129,171,-53,137,,
P:1130,227,-46,119,,
P:1131,174,-83,152,,
P:1132,189,-87,143,,
P:1133,221,-84,124,,
P:1134,244,-96,179,,
P:1135,106,-74,92,,
P:1136,240,-139,114,,
P:1137,187,-198,11,,
P:1138,183,-182,48,,
P:1139,178,-150,5,,
P:1140,158,-172,59,,
P:1141,144,-201,-22,,
P:1142,62,-254,-49,,
P:1143,104,-253,-154,,
P:1144,93,-150,-223,,
P:1145,22,-221,-195,,
P:1146,-43,-200,-238,,
P:1147,-34,-185,-182,,
P:1148,-134,-125,-162,,
P:1149,-175,-62,-151,,
P:1150,-226,-1,-133,,
P:1151,-190,54,-108,,
P:1152,-232,24,-86,,
P:1153,-228,86,-91,,
P:1154,-203,80,-104,,
P:1155,-152,104,-71,,
P:1156,-207,160,-63,,
P:1157,-152,142,-101,,
P:1158,-169,171,-27,,
P:1159,-161,252,-39,,
P:1160,-131,267,-114,,
P:1161,-85,238,-107,,
P:1162,-52,212,-172,,
P:1163,6,154,-219,,
P:1164,33,108,-235,,
P:1165,45,109,-254,,
P:1166,79,138,-255,,
P:1167,144,128,-202,,
P:1168,216,70,-145,,
P:1169,144,-8,-133,,
P:1170,179,-20,-74,,
P:1171,275,8,-57,,
P:1172,251,-50,-80,,
P:1173,189,-155,-8,,
P:1174,274,-149,45,,
P:1175,191,-98,50,,
P:1176,159,-44,117,,
P:1177,140,-5,176,,
P:1178,106,15,224,,
P:1179,130,56,246,,
P:1180,12,43,272,,
P:1181,124,-55,316,,
P:1182,13,74,238,,
P:1183,34,132,252,,
P:1184,63,46,294,,
P:1185,-59,53,215,,
P:1186,-144,36,181,,
P:1187,-162,24,198,,
P:1188,-161,-35,65,,
P:1189,-208,-54,37,,
P:1190,-284,-18,83,,
P:1191,-281,-33,-14,,
P:1192,-225,14,3,,
P:1193,-236,-76,3,,
P:1194,-267,-115,-34,,
P:1195,-183,-38,-46,,
P:1196,-208,-2,-134,,
P:1197,-185,2,-172,,
P:1198,-135,42,-188,,
P:1199,-75,133,-192,,
P:1200,-5,216,-165,,
P:1201,-13,231,-203,,
P:1202,-12,217,-139,,
P:1203,8,239,-108,,
P:1204,10,274,-52,,
P:1205,17,217,-52,,
P:1206,10,248,-27,,
P:1207,-23,275,35,,
P:1208,-93,264,38,,
P:1209,-12,242,37,,
P:1210,-68,252,23,,
P:1211,-158,225,47,,
P:1212,-146,189,46,,
P:1213,-188,139,56,,
P:1214,-221,112,90,,
P:1215,-226,94,80,,
P:1216,-175,-28,128,,
P:1217,-201,14,76,,
P:1218,-239,5,110,,
P:1219,-226,-4,123,,
P:1220,-237,-31,81,,
P:1221,-271,24,68,,
P:1222,-198,66,117,,
P:1223,-254,36,19,,
P:1224,-227,12,30,,
P:1225,-238,33,1,,
P:1226,-206,27,-32,,
P:1227,-213,59,-53,,
P:1228,-266,84,-119,,
P:1229,-173,36,-163,,
P:1230,-156,65,-169,,
P:1231,-146,24,-298,,
P:1232,-101,-100,-195,,
P:1233,-84,-134,-176,,
P:1234,-53,-83,-240,,
P:1235,-4,-94,-344,,
P:1236,-58,-64,-222,,
P:1237,-112,-65,-261,,
P:1238,-81,-95,-235,,
P:1239,-105,-84,-230,,
P:1240,-17,-104,-236,,
P:1241,24,-106,-217,,
P:1242,129,-139,-174,,
P:1243,152,-125,-68,,
P:1244,233,-119,-59,,
P:1245,229,-151,3,,
P:1246,218,-96,76,,
P:1247,267,-100,47,,
P:1248,233,-92,56,,
P:1249,216,-141,78,,
P:0,-252,-10,-1,,
P:1,-251,-9,1,,
P:2,-246,-10,3,,
P:3,-251,-12,-2,,
P:4,-246,-9,-1,,
P:5,-239,-12,1,,
P:6,-250,-11,-3,,
P:7,-244,-13,-5,,
P:8,-243,-11,-1,,
P:9,-247,-15,-4,,
P:10,-256,-6,-4,,
P:11,-247,-11,2,,
P:12,-249,-10,2,,
P:13,-244,-5,1,,
P:14,-249,-1,5,,
P:15,-244,-23,-19,,
P:16,-245,-10,-24,,
P:17,-235,-4,-22,,
P:18,-238,-19,-52,,
P:19,-251,-2,-76,,
P:20,-233,4,-89,,
P:21,-225,-15,-149,,
P:22,-204,1,-157,,
P:23,-182,2,-171,,
P:24,-167,-6,-206,,
P:25,-143,0,-193,,
P:26,-128,-10,-216,,
P:27,-106,-27,-281,,
P:28,-81,-7,-251,,
P:29,-49,-38,-247,,
P:30,-92,-3,-188,,
P:31,10,43,-290,,
P:32,-44,-15,-268,,
P:33,19,4,-261,,
P:34,40,-15,-279,,
P:35,3,-30,-296,,
P:36,0,-78,-252,,
P:37,-2,-102,-249,,
P:38,-22,-124,-247,,
P:39,-25,-161,-204,,
P:40,-37,-179,-217,,
P:41,-59,-192,-173,,
P:42,-51,-230,-152,,
P:43,-51,-238,-151,,
P:44,-44,-229,-164,,
P:45,-45,-234,-146,,
P:46,-44,-230,-66,,
P:47,-18,-280,-85,,
P:48,-25,-276,-55,,
P:49,-69,-249,-9,,
P:50,-68,-203,-44,,
P:51,-87,-219,-8,,
P:52,-80,-254,-2,,
P:53,-52,-261,8,,
P:54,-66,-260,35,,
P:55,-53,-286,32,,
P:56,-54,-278,23,,
P:57,-75,-236,16,,
P:58,-107,-267,28,,
P:59,-120,-223,50,,
P:60,-144,-207,11,,
P:61,-180,-198,46,,
P:62,-181,-165,19,,
P:63,-202,-122,24,,
P:64,-219,-84,30,,
P:65,-250,-52,1,,
P:66,-246,-17,18,,
P:67,-248,4,18,,
P:68,-252,20,18,,
P:69,-259,23,7,,
P:70,-253,25,18,,
P:71,-251,21,13,,
P:72,-251,17,23,,
P:73,-249,17,14,,
P:74,-243,19,7,,
P:75,-243,28,22,,
P:76,-231,33,33,,
P:77,-241,55,34,,
P:78,-233,67,68,,
P:79,-269,62,87,,
P:80,-228,70,92,,
P:81,-156,78,143,,
P:82,-157,80,172,,
P:83,-170,86,193,,
P:84,-132,33,162,,
P:85,-64,29,234,,
P:86,-76,33,234,,
P:87,-60,18,242,,
P:88,-33,32,257,,
P:89,-33,27,241,,
P:90,-18,23,228,,
P:91,-11,20,252,,
P:92,3,7,257,,
P:93,3,2,256,,
P:94,5,2,257,,
P:95,11,-15,254,,
P:96,4,-41,255,,
P:97,11,-67,254,,
P:98,13,-133,200,,
P:99,12,-231,134,,
P:100,24,-253,72,,
P:101,11,-239,68,,
P:102,4,-250,70,,
P:103,28,-271,49,,
P:104,43,-263,44,,
P:105,-3,-256,44,,
P:106,15,-273,20,,
P:107,51,-265,18,,
P:108,-31,-267,20,,
P:109,33,-286,-32,,
P:110,64,-318,-48,,
P:111,34,-294,-40,,
P:112,41,-292,7,,
P:113,109,-418,64,,
P:114,125,-345,57,,
P:115,-77,-322,-6,,
P:116,-360,-167,-125,,
P:117,-411,59,-205,,
P:118,34,-254,11,,
P:119,701,-427,182,,
P:120,842,-193,296,,
P:121,459,-192,378,,
P:122,-225,-145,322,,
P:123,-1560,28,-37,,
P:124,-1191,23,-18,,
P:125,62,-344,368,,
P:126,1621,-564,574,,
P:127,1294,-116,519,,
P:128,-186,-32,619,,
P:129,-1867,473,-124,,
P:130,-1079,153,59,,
P:131,549,-622,583,,
P:132,1884,-380,557,,
P:133,870,30,499,,
P:134,-918,83,451,,
P:135,-1886,377,-447,,
P:136,-482,-134,331,,
P:137,1676,-558,845,,
P:138,1539,-23,644,,
P:139,-434,351,354,,
P:140,-1428,110,-381,,
P:141,-206,-394,-93,,
P:142,439,-456,8,,
P:143,198,-245,-34,,
P:144,-21,-298,-9,,
P:145,-7,-261,-4,,
P:146,-34,-256,0,,
P:147,-65,-288,-4,,
P:148,-15,-311,10,,
P:149,-20,-294,5,,
P:150,-43,-300,-20,,
P:151,-1,-258,-90,,
P:152,-48,-284,-28,,
P:153,-13,-254,-72,,
P:154,27,-247,-25,,
P:155,42,-229,-134,,
P:156,17,-236,-115,,
P:157,46,-165,-177,,
P:158,96,-203,-193,,
P:159,-7,-211,-173,,
P:160,-25,-185,-199,,
P:161,-17,-202,-173,,
P:162,-63,-113,-239,,
P:163,-60,-34,-313,,
P:164,-68,-28,-228,,
P:165,-36,39,-188,,
P:166,-54,44,-216,,
P:167,-81,102,-336,,
P:168,-5,95,-222,,
P:169,-28,181,-180,,
P:170,-42,158,-192,,
P:171,-4,113,-301,,
P:172,-19,177,-243,,
P:173,-6,92,-182,,
P:174,-42,141,-539,,
P:175,-48,35,-335,,
P:176,-34,7,-261,,
P:177,51,17,-406,,
P:178,20,-22,-256,,
P:179,0,-3,-256,,
P:180,-32,-26,-264,,
P:181,-3,-15,-262,,
P:182,5,-10,-261,,
P:183,2,-7,-259,,
P:184,3,-7,-262,,
P:185,2,-11,-259,,
P:186,5,-9,-261,,
P:187,6,-8,-260,,
P:188,2,-9,-263,,
P:189,7,-23,-261,,
P:190,-39,4,-262,,
P:191,43,6,-382,,
P:192,-91,-35,-293,,
P:193,-36,-15,-360,,
P:194,-38,-56,-239,,
P:195,-30,-24,-227,,
P:196,-29,-35,-206,,
P:197,-43,-42,-187,,
P:198,-90,-45,-175,,
P:199,-130,-86,-148,,
P:200,-170,-127,-161,,
P:201,-158,-82,-168,,
P:202,-139,-137,-113,,
P:203,-266,-130,-93,,
P:204,-187,-159,-4,,
P:205,-286,-190,109,,
P:206,-226,-188,133,,
P:207,-205,-150,131,,
P:208,-150,-175,168,,
P:209,-217,-126,170,,
P:210,-152,-138,187,,
P:211,-81,-99,219,,
P:212,11,-68,188,,
P:213,85,-60,184,,
P:214,11,-29,219,,
P:215,39,24,223,,
P:216,48,84,269,,
P:217,44,158,176,,
P:218,4,244,184,,
P:219,5,190,132,,
P:220,-21,229,72,,
P:221,-28,252,80,,
P:222,-10,233,56,,
P:223,0,233,45,,
P:224,-1,275,22,,
P:225,53,206,1,,
P:226,3,253,-4,,
P:227,11,250,-77,,
P:228,-15,241,-103,,
P:229,27,261,-94,,
P:230,1,244,-182,,
P:231,7,214,-170,,
P:232,24,96,-194,,
P:233,40,81,-227,,
P:234,32,37,-238,,
P:235,36,37,-248,,
P:236,32,49,-260,,
P:237,11,46,-273,,
P:238,30,33,-262,,
P:239,31,19,-276,,
P:240,30,14,-254,,
P:241,31,-4,-268,,
P:242,29,-9,-268,,
P:243,30,-36,-260,,
P:244,57,-75,-226,,
P:245,-6,-47,-291,,
P:246,43,-109,-229,,
P:247,41,-117,-202,,
P:248,-35,-191,-203,,
P:249,0,-235,-161,,
P:250,-31,-243,-108,,
P:251,-49,-239,-103,,
P:252,-48,-252,-85,,
P:253,-42,-251,-44,,
P:254,-42,-262,-82,,
P:255,-25,-259,-56,,
P:256,-23,-260,-51,,
P:257,-23,-263,-62,,
P:258,-25,-261,-50,,
P:259,-16,-262,-62,,
P:260,-16,-263,-57,,
P:261,-16,-271,-56,,
P:262,-24,-267,-45,,
P:263,-11,-265,1,,
P:264,-31,-261,7,,
P:265,-45,-255,8,,
P:266,7,-267,48,,
P:267,17,-269,109,,
P:268,-4,-257,114,,
P:269,-5,-307,107,,
P:270,-19,-294,62,,
P:271,-34,-170,12,,
P:272,-247,-81,-32,,
P:273,-216,-120,6,,
P:274,-203,-144,-29,,
P:275,-222,-110,-15,,
P:276,-221,-114,-50,,
P:277,-237,-88,-8,,
P:278,-253,-62,-23,,
P:279,-252,-54,-44,,
P:280,-215,-48,-44,,
P:281,-263,-36,-26,,
P:282,-261,-23,-35,,
P:283,-210,-22,-44,,
P:284,-236,-11,-27,,
P:285,-247,-3,-17,,
P:286,-234,16,-34,,
P:287,-271,41,-17,,
P:288,-258,55,-7,,
P:289,-225,44,-20,,
P:290,-243,94,21,,
P:291,-231,132,30,,
P:292,-291,141,-10,,
P:293,-187,70,106,,
P:294,-151,38,169,,
P:295,-105,-45,200,,
P:296,-117,-13,240,,
P:297,-103,-35,216,,
P:298,-98,-1,208,,
P:299,-66,-31,234,,
P:300,-57,-14,246,,
P:301,-48,-18,241,,
P:302,-16,-16,258,,
P:303,-27,-14,256,,
P:304,-26,-15,253,,
P:305,-14,-14,256,,
P:306,-19,-11,250,,
P:307,-9,-11,248,,
P:308,-12,-17,258,,
P:309,-9,-16,256,,
P:310,-2,-9,251,,
P:311,29,-7,259,,
P:312,-12,43,238,,
P:313,43,46,190,,
P:314,32,96,227,,
P:315,-5,139,158,,
P:316,-18,203,192,,
P:317,-34,241,157,,
P:318,-34,243,109,,
P:319,-24,239,52,,
P:320,-28,231,53,,
P:321,-42,266,32,,
P:322,-25,253,1,,
P:323,-32,252,-11,,
P:324,-22,246,-19,,
P:325,-29,256,-17,,
P:326,-18,253,-22,,
P:327,-20,250,-26,,
P:328,-20,256,-24,,
P:329,-17,259,-28,,
P:330,-16,251,-33,,
P:331,-16,241,-32,,
P:332,16,250,-38,,
P:333,25,256,-25,,
P:334,38,245,-16,,
P:335,101,237,-21,,
P:336,159,245,-19,,
P:337,149,222,-7,,
P:338,151,189,8,,
P:339,183,166,23,,
P:340,197,149,-9,,
P:341,203,156,7,,
P:342,232,135,7,,
P:343,220,148,25,,
P:344,220,83,-1,,
P:345,232,90,5,,
P:346,238,57,-1,,
P:347,255,64,-2,,
P:348,252,53,-1,,
P:349,239,40,-2,,
P:350,253,39,-4,,
P:351,252,30,-4,,
P:352,254,35,-1,,
P:353,258,31,-3,,
P:354,263,17,-1,,
P:355,260,4,-7,,
P:356,281,-4,-23,,
P:357,191,0,-62,,
P:358,241,9,-88,,
P:359,231,-5,-112,,
P:360,197,2,-153,,
P:361,198,-16,-197,,
P:362,164,-11,-199,,
P:363,124,-8,-220,,
P:364,71,4,-241,,
P:365,27,9,-260,,
P:366,3,23,-277,,
P:367,-15,4,-281,,
P:368,-4,-4,-238,,
P:369,-2,-5,-247,,
P:370,-4,-7,-262,,
P:371,-6,-17,-279,,
P:372,-8,3,-267,,
P:373,-5,-1,-264,,
P:374,-6,-4,-264,,
P:375,-6,-5,-264,,
P:376,-4,-9,-256,,
P:377,-9,23,-225,,
P:378,-9,25,-279,,
P:379,0,87,-220,,
P:380,3,136,-250,,
P:381,-5,152,-280,,
P:382,8,181,-183,,
P:383,22,171,-126,,
P:384,28,241,-159,,
P:385,16,227,-144,,
P:386,12,254,-76,,
P:387,29,219,-81,,
P:388,26,224,-85,,
P:389,20,272,-59,,
P:390,3,253,-38,,
P:391,14,240,-48,,
P:392,13,270,-40,,
P:393,6,255,-18,,
P:394,7,253,-19,,
P:395,7,252,-15,,
P:396,10,250,-9,,
P:397,9,246,8,,
P:398,4,239,18,,
P:399,-18,247,33,,
P:400,-29,269,57,,
P:401,-65,244,50,,
P:402,-73,216,94,,
P:403,-132,186,66,,
P:404,-174,185,56,,
P:405,-193,147,55,,
P:406,-218,118,86,,
P:407,-272,58,29,,
P:408,-188,-4,72,,
P:409,-232,13,66,,
P:410,-250,-3,66,,
P:411,-249,-9,31,,
P:412,-257,-4,17,,
P:413,-213,-24,55,,
P:414,-232,-14,51,,
P:415,-255,-9,42,,
P:416,-244,-11,55,,
P:417,-249,-10,47,,
P:418,-236,-23,40,,
P:419,-241,-20,57,,
P:420,-236,-26,42,,
P:421,-249,-33,13,,
P:422,-253,-14,35,,
P:423,-246,-8,7,,
P:424,-213,-20,24,,
P:425,-190,-42,-93,,
P:426,-213,-49,-255,,
P:427,-149,-93,-188,,
P:428,-126,-74,-183,,
P:429,-280,11,-205,,
P:430,-146,-42,-195,,
P:431,-147,-56,-227,,
P:432,-92,-21,-217,,
P:433,-63,4,-249,,
P:434,-54,-2,-257,,
P:435,-55,-8,-265,,
P:436,-60,-11,-262,,
P:437,-54,-9,-256,,
P:438,-56,-7,-254,,
P:439,-43,-2,-259,,
P:440,-49,-7,-257,,
P:441,-43,-6,-260,,
P:442,-32,-3,-261,,
P:443,-5,0,-256,,
P:444,-2,14,-261,,
P:445,64,2,-262,,
P:446,82,16,-244,,
P:447,120,24,-239,,
P:448,125,28,-235,,
P:449,126,2,-236,,
P:450,167,10,-196,,
P:451,187,-6,-168,,
P:452,207,12,-160,,
P:453,211,2,-115,,
P:454,238,3,-96,,
P:455,261,-5,-84,,
P:456,253,-4,-70,,
P:457,249,-8,-59,,
P:458,257,-8,-65,,
P:459,256,-10,-60,,
P:460,244,-16,-49,,
P:461,237,-12,-36,,
P:462,243,-14,-9,,
P:463,225,-1,-8,,
P:464,201,40,-54,,
P:465,172,121,-6,,
P:466,224,204,-27,,
P:467,291,222,-53,,
P:468,117,226,-55,,
P:469,118,216,-79,,
P:470,72,235,-48,,
P:471,86,248,-41,,
P:472,36,259,-46,,
P:473,17,247,-56,,
P:474,2,251,-53,,
P:475,-12,245,-46,,
P:476,-26,249,-43,,
P:477,-19,248,-41,,
P:478,-25,256,-33,,
P:479,-27,254,-36,,
P:480,-35,262,-32,,
P:481,-47,275,-11,,
P:482,-59,265,-37,,
P:483,-82,269,-11,,
P:484,-104,224,-28,,
P:485,-132,177,-28,,
P:486,-160,171,-30,,
P:487,-189,173,-26,,
P:488,-194,82,-20,,
P:489,-192,112,-64,,
P:490,-231,80,-84,,
P:491,-224,73,-62,,
P:492,-247,21,-88,,
P:493,-228,9,-67,,
P:494,-235,-9,-74,,
P:495,-245,-9,-60,,
P:496,-239,-11,-56,,
P:497,-239,-20,-61,,
P:498,-251,-22,-46,,
P:499,-274,-50,-29,,
P:500,-206,-61,-60,,
P:501,-247,-88,-33,,
P:502,-217,-119,54,,
P:503,-210,-81,110,,
P:504,-195,-42,127,,
P:505,-174,-14,181,,
P:506,-145,-4,194,,
P:507,-131,-22,222,,
P:508,-112,-17,221,,
P:509,-110,-17,219,,
P:510,-97,-13,237,,
P:511,-73,-17,245,,
P:512,-59,-36,249,,
P:513,-59,-38,242,,
P:514,-48,-37,230,,
P:515,-48,-38,256,,
P:516,-36,-36,254,,
P:517,-29,-34,253,,
P:518,-24,-36,248,,
P:519,-8,-38,249,,
P:520,7,-23,248,,
P:521,27,-6,215,,
P:522,36,22,208,,
P:523,45,48,200,,
P:524,2,182,226,,
P:525,-29,189,274,,
P:526,-20,178,150,,
P:527,-46,202,144,,
P:528,-29,223,91,,
P:529,-52,250,126,,
P:530,-31,248,106,,
P:531,-64,243,62,,
P:532,-53,226,43,,
P:533,-57,246,19,,
P:534,-48,259,26,,
P:535,-63,256,21,,
P:536,-57,259,8,,
P:537,-32,256,-8,,
P:538,-48,247,-26,,
P:539,-29,250,-51,,
P:540,-14,242,-59,,
P:541,-38,238,-67,,
P:542,-48,227,-105,,
P:543,-57,228,-88,,
P:544,-70,213,-131,,
P:545,-48,195,-157,,
P:546,-56,190,-192,,
P:547,-52,156,-192,,
P:548,-49,132,-200,,
P:549,-56,124,-225,,
P:550,-50,105,-204,,
P:551,-43,100,-247,,
P:552,-57,81,-227,,
P:553,-48,51,-242,,
P:554,-55,30,-255,,
P:555,-49,0,-269,,
P:556,-76,-29,-259,,
P:557,-55,-44,-262,,
P:558,-65,-38,-257,,
P:559,-76,-36,-282,,
P:560,-74,-82,-247,,
P:561,-28,-102,-222,,
P:562,16,-63,-188,,
P:563,84,-78,-207,,
P:564,147,-58,-255,,
P:565,213,-49,-161,,
P:566,190,-43,-144,,
P:567,198,-48,-270,,
P:568,229,-12,-109,,
P:569,250,-14,-111,,
P:570,235,-7,-92,,
P:571,251,0,-84,,
P:572,232,20,-48,,
P:573,251,10,-32,,
P:574,259,24,-4,,
P:575,257,20,18,,
P:576,255,33,27,,
P:577,253,37,36,,
P:578,226,51,84,,
P:579,215,61,98,,
P:580,215,69,134,,
P:581,264,49,110,,
P:582,216,77,137,,
P:583,227,114,79,,
P:584,147,147,-23,,
P:585,102,193,-10,,
P:586,92,245,-46,,
P:587,132,234,-104,,
P:588,71,245,-48,,
P:589,43,253,-58,,
P:590,-6,220,-73,,
P:591,-2,226,-32,,
P:592,-36,243,-38,,
P:593,-50,253,-64,,
P:594,-90,261,-46,,
P:595,-131,237,-26,,
P:596,-114,234,-67,,
P:597,-98,218,-86,,
P:598,-104,219,-112,,
P:599,-104,225,-149,,
P:600,-65,234,-88,,
P:601,-110,163,-182,,
P:602,-48,112,-215,,
P:603,-92,138,-205,,
P:604,-85,86,-221,,
P:605,-67,151,-307,,
P:606,-75,61,-202,,
P:607,-45,5,-238,,
P:608,-63,10,-239,,
P:609,-52,-4,-255,,
P:610,-44,-30,-265,,
P:611,-57,-54,-234,,
P:612,-43,-63,-239,,
P:613,-53,-50,-250,,
P:614,-43,-76,-235,,
P:615,-24,-79,-252,,
P:616,-10,-112,-245,,
P:617,-16,-139,-262,,
P:618,-33,-127,-199,,
P:619,-44,-151,-228,,
P:620,-105,-136,-211,,
P:621,-128,-146,-198,,
P:622,-155,-104,-181,,
P:623,-152,-103,-185,,
P:624,-198,-104,-144,,
P:625,-207,-55,-87,,
P:626,-224,-26,-85,,
P:627,-241,-44,-74,,
P:628,-224,-45,-67,,
P:629,-226,-62,-41,,
P:630,-218,-60,-2,,
P:631,-272,-64,-7,,
P:632,-240,-59,12,,
P:633,-240,-60,22,,
P:634,-249,-55,26,,
P:635,-249,-34,34,,
P:636,-231,-43,55,,
P:637,-234,-37,78,,
P:638,-211,-51,114,,
P:639,-208,-81,152,,
P:640,-166,-56,159,,
P:641,-149,-60,154,,
P:642,-134,-98,211,,
P:643,-110,-73,224,,
P:644,-81,-111,227,,
P:645,-76,-105,229,,
P:646,-70,-79,244,,
P:647,-90,-76,259,,
P:648,-22,-65,229,,
P:649,-35,-73,259,,
P:650,-1,-60,262,,
P:651,38,-50,259,,
P:652,68,-25,228,,
P:653,119,4,209,,
P:654,125,30,163,,
P:655,111,23,181,,
P:656,105,99,236,,
P:657,113,120,232,,
P:658,103,154,131,,
P:659,96,176,114,,
P:660,85,181,167,,
P:661,44,203,70,,
P:662,74,220,131,,
P:663,52,262,114,,
P:664,61,218,45,,
P:665,9,247,59,,
P:666,21,261,8,,
P:667,1,259,12,,
P:668,3,264,-44,,
P:669,-1,239,-55,,
P:670,7,216,-139,,
P:671,15,199,-25,,
P:672,87,230,-105,,
P:673,157,263,-61,,
P:674,130,227,-22,,
P:675,178,167,6,,
P:676,186,160,36,,
P:677,227,141,37,,
P:678,267,141,75,,
P:679,237,89,59,,
P:680,250,65,56,,
P:681,246,31,43,,
P:682,234,-7,54,,
P:683,253,-23,40,,
P:684,258,-33,34,,
P:685,252,-57,18,,
P:686,219,-76,38,,
P:687,252,-84,-10,,
P:688,218,-51,-63,,
P:689,196,-84,-108,,
P:690,172,-123,-174,,
P:691,200,-106,-185,,
P:692,186,-86,-173,,
P:693,117,-89,-172,,
P:694,120,-85,-210,,
P:695,123,-78,-229,,
P:696,100,-66,-240,,
P:697,74,-41,-262,,
P:698,64,-31,-261,,
P:699,28,-20,-249,,
P:700,9,-19,-269,,
P:701,3,-12,-264,,
P:702,-24,-11,-269,,
P:703,-41,-18,-263,,
P:704,-56,-5,-260,,
P:705,-88,-6,-238,,
P:706,-105,7,-237,,
P:707,-145,6,-211,,
P:708,-160,21,-177,,
P:709,-168,-14,-226,,
P:710,-207,-4,-159,,
P:711,-237,1,-160,,
P:712,-211,-4,-132,,
P:713,-226,-25,-75,,
P:714,-224,-36,-47,,
P:715,-238,-45,-13,,
P:716,-246,-38,-20,,
P:717,-250,-35,-1,,
P:718,-251,-36,3,,
P:719,-239,-39,15,,
P:720,-233,-50,63,,
P:721,-229,-45,66,,
P:722,-221,-51,97,,
P:723,-206,-46,118,,
P:724,-231,-35,134,,
P:725,-206,-56,131,,
P:726,-192,-36,149,,
P:727,-204,-26,160,,
P:728,-172,-29,165,,
P:729,-156,-11,192,,
P:730,-124,-1,219,,
P:731,-113,0,240,,
P:732,-86,-1,239,,
P:733,-47,-7,253,,
P:734,-24,0,257,,
P:735,-3,-13,250,,
P:736,17,-10,241,,
P:737,42,-17,247,,
P:738,61,-10,256,,
P:739,82,-10,226,,
P:740,110,-2,218,,
P:741,137,-6,217,,
P:742,151,-3,206,,
P:743,157,11,188,,
P:744,210,-23,184,,
P:745,222,-9,151,,
P:746,238,-5,129,,
P:747,213,-14,133,,
P:748,208,-27,70,,
P:749,256,-21,54,,
P:750,266,-28,30,,
P:751,260,-38,7,,
P:752,257,-38,-7,,
P:753,255,-38,-36,,
P:754,240,-50,-63,,
P:755,207,-51,-85,,
P:756,221,-42,-94,,
P:757,257,-17,-70,,
P:758,197,5,-42,,
P:759,233,58,-49,,
P:760,239,140,-69,,
P:761,246,165,-4,,
P:762,200,170,12,,
P:763,167,200,18,,
P:764,151,213,36,,
P:765,52,219,7,,
P:766,106,236,31,,
P:767,69,237,11,,
P:768,27,271,50,,
P:769,16,236,16,,
P:770,4,241,23,,
P:771,1,252,31,,
P:772,-59,290,52,,
P:773,-26,237,31,,
P:774,-80,242,64,,
P:775,-52,191,144,,
P:776,-26,185,124,,
P:777,-21,173,153,,
P:778,-60,221,229,,
P:779,-10,185,173,,
P:780,31,99,192,,
P:781,37,143,291,,
P:782,2,68,262,,
P:783,9,43,201,,
P:784,28,4,225,,
P:785,-6,-15,272,,
P:786,8,-47,249,,
P:787,11,-94,239,,
P:788,22,-133,221,,
P:789,42,-134,200,,
P:790,29,-187,192,,
P:791,20,-191,113,,
P:792,44,-203,161,,
P:793,40,-211,69,,
P:794,82,-194,117,,
P:795,87,-159,28,,
P:796,192,-94,10,,
P:797,315,-17,15,,
P:798,342,-3,-29,,
P:799,218,33,-4,,
P:800,271,72,-87,,
P:801,287,84,-54,,
P:802,243,32,-41,,
P:803,201,55,-102,,
P:804,248,56,-110,,
P:805,198,68,-172,,
P:806,237,43,-184,,
P:807,206,44,-177,,
P:808,195,8,-157,,
P:809,198,-2,-203,,
P:810,247,28,-231,,
P:811,248,-23,-194,,
P:812,138,-114,-79,,
P:813,-30,-179,-39,,
P:814,-13,-297,-63,,
P:815,30,-289,-62,,
P:816,35,-279,-73,,
P:817,19,-267,-52,,
P:818,5,-253,-35,,
P:819,-40,-224,-52,,
P:820,-25,-262,-6,,
P:821,-33,-251,-92,,
P:822,-33,-256,-57,,
P:823,-8,-256,-33,,
P:824,-3,-297,-198,,
P:825,-63,-229,-126,,
P:826,-67,-221,-83,,
P:827,-144,-188,-74,,
P:828,-131,-194,-54,,
P:829,-223,-162,-78,,
P:830,-145,-150,-95,,
P:831,-195,-69,-59,,
P:832,-254,0,-55,,
P:833,-294,5,-41,,
P:834,-270,54,-79,,
P:835,-239,61,-39,,
P:836,-219,64,-46,,
P:837,-229,58,-43,,
P:838,-209,87,-57,,
P:839,-169,112,-28,,
P:840,-187,146,-20,,
P:841,-256,194,-44,,
P:842,-208,186,-18,,
P:843,-144,197,-33,,
P:844,-147,216,-44,,
P:845,-143,210,-27,,
P:846,-129,228,-43,,
P:847,-105,223,-52,,
P:848,-83,224,-40,,
P:849,-43,235,-22,,
P:850,-15,270,-26,,
P:851,3,247,-30,,
P:852,12,250,-32,,
P:853,38,250,-30,,
P:854,45,251,-24,,
P:855,59,248,-22,,
P:856,88,233,-41,,
P:857,119,231,-13,,
P:858,163,179,-23,,
P:859,195,176,-26,,
P:860,209,157,-20,,
P:861,251,99,-9,,
P:862,239,91,-15,,
P:863,251,86,-50,,
P:864,268,63,-17,,
P:865,233,30,-32,,
P:866,265,22,-38,,
P:867,260,23,-32,,
P:868,245,1,-38,,
P:869,277,-28,-37,,
P:870,248,-37,-41,,
P:871,238,-70,-46,,
P:872,246,-87,-42,,
P:873,242,-114,-23,,
P:874,193,-158,-27,,
P:875,184,-165,-22,,
P:876,159,-183,-47,,
P:877,180,-194,-66,,
P:878,170,-203,-53,,
P:879,156,-207,-26,,
P:880,150,-199,-78,,
P:881,130,-216,-16,,
P:882,70,-247,-16,,
P:883,29,-271,-13,,
P:884,20,-313,-15,,
P:885,2,-280,-70,,
P:886,19,-255,-21,,
P:887,8,-251,-36,,
P:888,-29,-241,-51,,
P:889,-140,-285,-45,,
P:890,-165,-263,-105,,
P:891,-66,-213,-36,,
P:892,-102,-165,157,,
P:893,-78,-145,171,,
P:894,-55,-214,133,,
P:895,-54,-155,209,,
P:896,-42,-166,217,,
P:897,-41,-152,198,,
P:898,-29,-124,245,,
P:899,-19,-110,216,,
P:900,3,-52,249,,
P:901,18,-23,241,,
P:902,43,7,259,,
P:903,46,32,254,,
P:904,33,45,253,,
P:905,64,51,271,,
P:906,64,60,222,,
P:907,90,87,247,,
P:908,80,81,295,,
P:909,93,27,210,,
P:910,121,4,170,,
P:911,232,34,156,,
P:912,244,16,136,,
P:913,220,-67,103,,
P:914,243,-37,53,,
P:915,229,-42,11,,
P:916,218,-65,32,,
P:917,309,-55,33,,
P:918,183,-47,-20,,
P:919,224,-68,-45,,
P:920,278,-71,-83,,
P:921,263,-116,-126,,
P:922,235,-144,-117,,
P:923,164,-156,-103,,
P:924,145,-210,-79,,
P:925,100,-227,-87,,
P:926,28,-244,-95,,
P:927,57,-248,-95,,
P:928,69,-257,-72,,
P:929,129,-278,-45,,
P:930,-7,-228,-66,,
P:931,46,-248,-74,,
P:932,-13,-268,-77,,
P:933,-44,-252,-78,,
P:934,-69,-229,-76,,
P:935,-94,-235,-54,,
P:936,-104,-230,-39,,
P:937,-128,-208,-39,,
P:938,-175,-290,-43,,
P:939,-162,-234,-28,,
P:940,-138,-209,18,,
P:941,-143,-179,9,,
P:942,-104,-208,77,,
P:943,-58,-165,109,,
P:944,-65,-182,247,,
P:945,-29,-159,189,,
P:946,-52,-109,183,,
P:947,-23,-93,165,,
P:948,-48,-20,238,,
P:949,-35,12,325,,
P:950,-39,24,258,,
P:951,-22,27,210,,
P:952,-47,62,266,,
P:953,-36,68,233,,
P:954,-48,98,240,,
P:955,-37,69,248,,
P:956,-83,38,224,,
P:957,-179,-18,192,,
P:958,-214,-34,146,,
P:959,-206,-43,86,,
P:960,-197,-24,80,,
P:961,-247,-24,17,,
P:962,-247,-25,-11,,
P:963,-256,-21,-34,,
P:964,-229,-21,-53,,
P:965,-202,-44,-85,,
P:966,-251,-14,-106,,
P:967,-232,-21,-116,,
P:968,-208,-19,-137,,
P:969,-222,-22,-154,,
P:970,-211,-12,-147,,
P:971,-181,0,-142,,
P:972,-176,14,-137,,
P:973,-185,36,-193,,
P:974,-217,42,-166,,
P:975,-160,40,-184,,
P:976,-145,59,-111,,
P:977,-169,185,-88,,
P:978,-73,280,-98,,
P:979,-95,232,-47,,
P:980,-89,250,-99,,
P:981,-25,227,-76,,
P:982,-55,239,-60,,
P:983,-43,251,-98,,
P:984,-12,255,-26,,
P:985,-4,219,-65,,
P:986,-22,249,37,,
P:987,37,237,-37,,
P:988,35,242,-78,,
P:989,98,251,-35,,
P:990,132,218,-35,,
P:991,120,238,-29,,
P:992,170,211,-55,,
P:993,182,181,-19,,
P:994,235,136,-13,,
P:995,222,105,-39,,
P:996,249,82,-28,,
P:997,251,71,-38,,
P:998,254,50,-28,,
P:999,237,22,-31,,
P:1000,254,3,-45,,
P:1001,258,-17,-38,,
P:1002,213,-50,-44,,
P:1003,200,-69,-99,,
P:1004,191,-44,-147,,
P:1005,193,-38,-163,,
P:1006,223,-29,-215,,
P:1007,186,3,-241,,
P:1008,128,5,-231,,
P:1009,91,-9,-246,,
P:1010,103,2,-236,,
P:1011,68,9,-255,,
P:1012,45,11,-262,,
P:1013,13,17,-252,,
P:1014,-5,19,-251,,
P:1015,-42,15,-252,,
P:1016,-63,13,-255,,
P:1017,-95,21,-233,,
P:1018,-119,10,-216,,
P:1019,-144,17,-217,,
P:1020,-188,3,-204,,
P:1021,-186,10,-170,,
P:1022,-208,-25,-136,,
P:1023,-190,10,-176,,
P:1024,-179,14,-91,,
P:1025,-250,48,-135,,
P:1026,-271,56,-111,,
P:1027,-212,33,-28,,
P:1028,-208,34,-33,,
P:1029,-250,36,-1,,
P:1030,-245,29,40,,
P:1031,-239,14,67,,
P:1032,-238,17,114,,
P:1033,-190,9,132,,
P:1034,-214,37,157,,
P:1035,-144,39,190,,
P:1036,-201,26,171,,
P:1037,-141,10,184,,
P:1038,-132,6,202,,
P:1039,-134,-6,225,,
P:1040,-98,0,226,,
P:1041,-76,11,214,,
P:1042,-50,16,218,,
P:1043,-39,1,263,,
P:1044,4,-5,262,,
P:1045,3,13,255,,
P:1046,43,13,243,,
P:1047,55,9,241,,
P:1048,78,11,237,,
P:1049,81,1,207,,
P:1050,93,6,264,,
P:1051,144,-6,209,,
P:1052,164,9,233,,
P:1053,109,-15,253,,
P:1054,169,-41,208,,
P:1055,66,-55,255,,
P:1056,100,-76,232,,
P:1057,176,-107,193,,
P:1058,64,-174,141,,
P:1059,-1,-190,152,,
P:1060,88,-196,172,,
P:1061,56,-219,171,,
P:1062,36,-222,107,,
P:1063,49,-248,70,,
P:1064,65,-249,35,,
P:1065,40,-246,-11,,
P:1066,45,-254,-37,,
P:1067,32,-261,-76,,
P:1068,35,-245,-112,,
P:1069,27,-246,-115,,
P:1070,19,-223,-142,,
P:1071,31,-188,-174,,
P:1072,43,-168,-240,,
P:1073,57,-151,-246,,
P:1074,59,-126,-244,,
P:1075,40,-147,-210,,
P:1076,47,-107,-237,,
P:1077,59,-121,-228,,
P:1078,83,-58,-276,,
P:1079,94,-50,-225,,
P:1080,77,-45,-265,,
P:1081,51,16,-254,,
P:1082,36,68,-250,,
P:1083,30,87,-238,,
P:1084,17,120,-256,,
P:1085,15,125,-231,,
P:1086,12,155,-217,,
P:1087,11,159,-192,,
P:1088,8,193,-173,,
P:1089,8,192,-142,,
P:1090,5,223,-139,,
P:1091,23,228,-120,,
P:1092,32,225,-63,,
P:1093,-3,235,-82,,
P:1094,42,274,-66,,
P:1095,22,264,-9,,
P:1096,29,249,2,,
P:1097,34,230,21,,
P:1098,47,255,47,,
P:1099,42,240,71,,
P:1100,74,239,134,,
P:1101,44,210,127,,
P:1102,58,188,184,,
P:1103,91,134,172,,
P:1104,67,139,214,,
P:1105,58,126,199,,
P:1106,57,99,231,,
P:1107,59,74,246,,
P:1108,46,65,244,,
P:1109,62,44,255,,
P:1110,53,14,251,,
P:1111,54,-31,240,,
P:1112,45,-55,241,,
P:1113,60,-100,194,,
P:1114,51,-114,214,,
P:1115,27,-133,227,,
P:1116,74,-141,223,,
P:1117,40,-138,205,,
P:1118,49,-138,205,,
P:1119,104,-125,119,,
P:1120,166,-266,82,,
P:1121,179,-199,92,,
P:1122,221,-60,73,,
P:1123,260,-105,100,,
P:1124,233,-67,74,,
P:1125,196,-52,85,,
P:1126,232,-20,122,,
P:1127,240,-14,93,,
P:1128,233,7,63,,
P:1129,243,11,42,,
P:1130,252,27,22,,
P:1131,289,79,30,,
P:1132,249,134,-46,,
P:1133,232,35,-40,,
P:1134,249,26,-69,,
P:1135,239,-2,-77,,
P:1136,270,-43,-85,,
P:1137,206,-123,-71,,
P:1138,180,-158,-81,,
P:1139,176,-180,-75,,
P:1140,140,-220,-59,,
P:1141,127,-228,-52,,
P:1142,113,-259,-55,,
P:1143,110,-245,-73,,
P:1144,117,-243,-68,,
P:1145,19,-252,-96,,
P:1146,-46,-266,-106,,
P:1147,-30,-256,-10,,
P:1148,-48,-273,-30,,
P:1149,-58,-263,-50,,
P:1150,-91,-241,-37,,
P:1151,-84,-245,-57,,
P:1152,-68,-252,-3,,
P:1153,-69,-215,52,,
P:1154,-57,-238,80,,
P:1155,-28,-226,114,,
P:1156,-14,-240,152,,
P:1157,-69,-205,143,,
P:1158,-81,-220,139,,
P:1159,-53,-157,191,,
P:1160,-12,-102,219,,
P:1161,-18,-99,269,,
P:1162,5,-62,206,,
P:1163,-15,-47,256,,
P:1164,-17,-11,257,,
P:1165,-1,20,254,,
P:1166,6,25,266,,
P:1167,48,105,266,,
P:1168,48,84,269,,
P:1169,71,78,249,,
P:1170,139,85,197,,
P:1171,121,10,187,,
P:1172,175,41,184,,
P:1173,178,5,174,,
P:1174,207,-18,81,,
P:1175,216,-30,147,,
P:1176,212,-39,69,,
P:1177,238,-35,48,,
P:1178,234,-45,34,,
P:1179,239,-47,9,,
P:1180,183,-21,-101,,
P:1181,232,-64,-172,,
P:1182,191,-62,-195,,
P:1183,137,-57,-228,,
P:1184,91,-48,-234,,
P:1185,77,-77,-206,,
P:1186,71,-37,-308,,
P:1187,20,-61,-289,,
P:1188,-15,-70,-239,,
P:1189,-14,-27,-251,,
P:1190,-41,-37,-249,,
P:1191,-46,-35,-259,,
P:1192,-43,-16,-247,,
P:1193,-84,36,-260,,
P:1194,-119,74,-243,,
P:1195,-124,57,-205,,
P:1196,-149,72,-212,,
P:1197,-154,80,-223,,
P:1198,-172,61,-195,,
P:1199,-201,-15,-117,,
P:1200,-230,1,-61,,
P:1201,-222,8,-48,,
P:1202,-215,-40,-1,,
P:1203,-218,-75,-41,,
P:1204,-242,-40,-23,,
P:1205,-240,-48,27,,
P:1206,-230,-42,21,,
P:1207,-234,-66,44,,
P:1208,-180,-52,64,,
P:1209,-219,-44,141,,
P:1210,-208,-38,145,,
P:1211,-214,-44,153,,
P:1212,-160,-30,178,,
P:1213,-140,-24,191,,
P:1214,-159,-44,204,,
P:1215,-153,-24,226,,
P:1216,-122,-12,248,,
P:1217,-157,35,151,,
P:1218,-124,125,94,,
P:1219,-152,156,91,,
P:1220,-136,277,74,,
P:1221,-44,248,37,,
P:1222,-127,235,58,,
P:1223,-46,231,27,,
P:1224,-44,259,13,,
P:1225,-13,245,6,,
P:1226,-3,252,9,,
P:1227,34,266,25,,
P:1228,42,250,17,,
P:1229,58,236,14,,
P:1230,102,236,16,,
P:1231,73,245,1,,
P:1232,43,201,-6,,
P:1233,83,225,-55,,
P:1234,92,278,-92,,
P:1235,-20,255,-97,,
P:1236,-4,235,-171,,
P:1237,-11,171,-190,,
P:1238,-38,152,-189,,
P:1239,-37,137,-241,,
P:1240,-17,98,-255,,
P:1241,-31,72,-252,,
P:1242,-21,35,-232,,
P:1243,-20,-7,-225,,
P:1244,-13,-12,-242,,
P:1245,-7,-19,-267,,
P:1246,-14,-17,-286,,
P:1247,-25,-6,-292,,
P:1248,-20,-45,-241,,
P:1249,7,-98,-207,,
